provider.name,solution.name_english,url
ABCOV,Related Technologies for Standards for Universal Waste Management: Universal Waste,http://abcov.com/
ADA-CS,Mercury - Activated Carbon Injection,http://www.ada-cs.com
ADA-CS,Mercury - Activated Carbon Injection with Fabric Filter,http://www.ada-cs.com
ADA-CS,Mercury - Flue-gas Desulfurization,http://www.ada-cs.com
ADA-CS,Mercury - Selective Catalytic Reduction,http://www.ada-cs.com
ADA-ES,Acid Gases - Dry Sorbent Injection,http://www.adaes.com
ADA-ES,Acid Gases - Dry Sorbent Injection with Electrostatic Precipitators,http://www.adaes.com
ADA-ES,Acid Gases - Dry Sorbent Injection with Fabric Filters,http://www.adaes.com
ADA-ES,Mercury - Activated Carbon Injection,http://www.adaes.com
ADA-ES,Mercury - Activated Carbon Injection with Fabric Filter,http://www.adaes.com
ADA-ES,Sulphur Dioxide - Dry Sorbent Injection,http://www.adaes.com
"Adanta, Inc.",Air Sparging,http://www.adanta-inc.com
"Adanta, Inc.",Bioremediation,http://www.adanta-inc.com
"Adanta, Inc.",In-Well Air Stripping,http://www.adanta-inc.com
"Adanta, Inc.",Multi-Phase Extraction,http://www.adanta-inc.com
"Adanta, Inc.",Phytoremediation,http://www.adanta-inc.com
"Adanta, Inc.",Pump and Treat,http://www.adanta-inc.com
"Adanta, Inc.",Related Technologies for Marine Diesel Engine Emissions Control: Large Marine Diesel Engines,http://www.adanta-inc.com
AEEC,Air Sparging,http://www.americanconsultants.com
AEEC,Anaerobic/anoxic/oxic (A2O),http://www.americanconsultants.com
AEEC,Anoxic zone (following aeration),http://www.americanconsultants.com
AEEC,Anoxic/oxic (A/O),http://www.americanconsultants.com
AEEC,Biological aerated filtration,http://www.americanconsultants.com
AEEC,Bioremediation,http://www.americanconsultants.com
AEEC,Chemical Precipitation for Nitrogen and Phosphorus,http://www.americanconsultants.com
AEEC,Chemical Precipitation for Phosphorus,http://www.americanconsultants.com
AEEC,Chemical Treatment,http://www.americanconsultants.com
AEEC,Denitrification Filters for Nitrogen,http://www.americanconsultants.com
AEEC,Denitrification Filters for Nitrogen and Phosphorus,http://www.americanconsultants.com
AEEC,Enhanced biological phosphorus removal (EBPR) with volatile fatty acids (VFA) addition and filters,http://www.americanconsultants.com
AEEC,Filtration,http://www.americanconsultants.com
AEEC,Flushing,http://www.americanconsultants.com
AEEC,In-Well Air Stripping,http://www.americanconsultants.com
AEEC,Integrated fixed-film activated sludge (IFAS),http://www.americanconsultants.com
AEEC,Membrane bioreactor (MBR),http://www.americanconsultants.com
AEEC,Membrane Filter,http://www.americanconsultants.com
AEEC,MLE/3-stage Westbank,http://www.americanconsultants.com
AEEC,Moving bed biofilm reactor (MBBR),http://www.americanconsultants.com
AEEC,Multi-Phase Extraction,http://www.americanconsultants.com
AEEC,Permeable Reactive Barrier,http://www.americanconsultants.com
AEEC,Phytoremediation,http://www.americanconsultants.com
AEEC,Pump and Treat,http://www.americanconsultants.com
AEEC,Related Technologies for Clean Water Act: Municipal Nutrient Removal,http://www.americanconsultants.com
AEEC,Sequencing batch reactor (SBR)/cyclic activated sludge,http://www.americanconsultants.com
AEEC,Step-feed activated sludge (AS),http://www.americanconsultants.com
AEEC,Step-feed with selector,http://www.americanconsultants.com
AEEC,Tertiary clarifier/tertiary filter,http://www.americanconsultants.com
Air Cycle Corporation,Lamp Crushing Systems,http://www.aircycle.com/
Albemarle,Mercury - Activated Carbon Injection,http://www.albemarle.com/mercury
"Alstom Power, Inc.",Mercury - Flue-gas Desulfurization,http://www.alstom.com/power/coal-oil/air-quality-control-systems
"Alstom Power, Inc.",Mercury - Selective Catalytic Reduction,http://www.alstom.com/power/coal-oil/air-quality-control-systems
AMO Environmental Decisions,Air Sparging,http://www.amoed.com
AMO Environmental Decisions,Bioremediation,http://www.amoed.com
AMO Environmental Decisions,In-Well Air Stripping,http://www.amoed.com
AMO Environmental Decisions,Multi-Phase Extraction,http://www.amoed.com
AMO Environmental Decisions,Pump and Treat,http://www.amoed.com
"AMS, Inc.",Air Sparging,http://www.ams-samplers.com/
"AMS, Inc.",Bioremediation,http://www.ams-samplers.com/
"AMS, Inc.",Chemical Treatment,http://www.ams-samplers.com/
"AMS, Inc.",Flushing,http://www.ams-samplers.com/
"AMS, Inc.",Pump and Treat,http://www.ams-samplers.com/
"AMS, Inc.",Related Technologies for Clean Water Act: Groundwater Remediation,http://www.ams-samplers.com/
ANDalyze,Landfill Groundwater Monitoring,www.andalyze.com
ANDalyze,Process Monitoring Technologies,www.andalyze.com
ANDalyze,Related Technologies for CERCLA: Groundwater Remediation,www.andalyze.com
ANDalyze,Related Technologies for Clean Water Act: Groundwater Remediation,www.andalyze.com
Andover Technology Partners,Acid Gases - Dry Sorbent Injection,http://www.andovertechnology.com
Andover Technology Partners,Acid Gases - Dry Sorbent Injection with Electrostatic Precipitators,http://www.andovertechnology.com
Andover Technology Partners,Acid Gases - Dry Sorbent Injection with Fabric Filters,http://www.andovertechnology.com
Andover Technology Partners,Acid Gases - Flue-gas Desulfurization,http://www.andovertechnology.com
Andover Technology Partners,"Dioxins & Furans - Work Practice Standard (inspection, adjustment, and/or maintenance and repairs to ensure optimal combustion)",http://www.andovertechnology.com
Andover Technology Partners,Fuel Switching - Low Sulphur Diesel,http://www.andovertechnology.com
Andover Technology Partners,Fuel Switching - Natural Gas,http://www.andovertechnology.com
Andover Technology Partners,Fuel Switching - SOx Scrubbers,http://www.andovertechnology.com
Andover Technology Partners,Mercury - Activated Carbon Injection,http://www.andovertechnology.com
Andover Technology Partners,Mercury - Activated Carbon Injection with Fabric Filter,http://www.andovertechnology.com
Andover Technology Partners,Mercury - Flue-gas Desulfurization,http://www.andovertechnology.com
Andover Technology Partners,Mercury - Selective Catalytic Reduction,http://www.andovertechnology.com
Andover Technology Partners,"Non-Mercury Metals - Fabric Filter, Electrostatic Precipitators",http://www.andovertechnology.com
Andover Technology Partners,NOx - Exhaust Gas Recirculation,http://www.andovertechnology.com
Andover Technology Partners,NOx - Natural Gas Engine,http://www.andovertechnology.com
Andover Technology Partners,NOx - Selective Catalytic Reduction,http://www.andovertechnology.com
Andover Technology Partners,NOx - Water Injection,http://www.andovertechnology.com
Andover Technology Partners,Sulphur Dioxide - Dry Sorbent Injection,http://www.andovertechnology.com
Andover Technology Partners,Sulphur Dioxide - Flue-gas Desulphurization,http://www.andovertechnology.com
Anguil,Absorption Towers,http://www.anguil.com/industries-served/petroleum-natural-gas.aspx
Anguil,Flash Tanks,http://www.anguil.com/industries-served/petroleum-natural-gas.aspx
Anguil,Glycol Dehydrators,http://www.anguil.com/industries-served/petroleum-natural-gas.aspx
Anguil,Mercury - Selective Catalytic Reduction,http://www.anguil.com/oxidizers/catalytic-recuperative.aspx
Anguil,Multi-Phase Extraction,http://www.anguil.com/industries-served/remediation.aspx
Anguil,NOx - Selective Catalytic Reduction,http://www.anguil.com/oxidizers/catalytic-recuperative.aspx
Anguil,Pump and Treat,http://www.anguil.com/industries-served/remediation.aspx
"Aqua-Aerobic Systems, Inc. ",Anoxic zone (following aeration),http://www.aqua-aerobic.com
"Aqua-Aerobic Systems, Inc. ",Biological Treatment Processes,http://www.aqua-aerobic.com
"Aqua-Aerobic Systems, Inc. ",Enhanced biological phosphorus removal (EBPR) with volatile fatty acids (VFA) addition and filters,http://www.aqua-aerobic.com
"Aqua-Aerobic Systems, Inc. ",Filtration,http://www.aqua-aerobic.com
"Aqua-Aerobic Systems, Inc. ",Membrane bioreactor (MBR),http://www.aqua-aerobic.com
"Aqua-Aerobic Systems, Inc. ",Membrane Processes,http://www.aqua-aerobic.com
"Aqua-Aerobic Systems, Inc. ",Process Monitoring Technologies,http://www.aqua-aerobic.com
"Aqua-Aerobic Systems, Inc. ",Related Technologies for NPDES: Secondary or Advanced Wastewater Treatment Standards,http://www.aquaondemand.com/
"Aqua-Aerobic Systems, Inc. ",Sequencing batch reactor (SBR)/cyclic activated sludge,http://www.aqua-aerobic.com
"Aqua-Aerobic Systems, Inc. ",Tertiary clarifier/tertiary filter,http://www.aqua-aerobic.com
Ashbrook Simon-Hartley,Anoxic zone (following aeration),http://www.as-h.com
Ashbrook Simon-Hartley,Chemical Precipitation for Nitrogen and Phosphorus,http://www.as-h.com
Ashbrook Simon-Hartley,Chemical Precipitation for Phosphorus,http://www.as-h.com
Ashbrook Simon-Hartley,Enhanced biological phosphorus removal (EBPR) with volatile fatty acids (VFA) addition and filters,http://www.as-h.com
Ashbrook Simon-Hartley,Filtration,http://www.as-h.com
Ashbrook Simon-Hartley,Integrated fixed-film activated sludge (IFAS),http://www.as-h.com
Ashbrook Simon-Hartley,Membrane bioreactor (MBR),http://www.as-h.com
Ashbrook Simon-Hartley,Membrane Filter,http://www.as-h.com
Ashbrook Simon-Hartley,MLE/3-stage Westbank,http://www.as-h.com
Ashbrook Simon-Hartley,Moving bed biofilm reactor (MBBR),http://www.as-h.com
Ashbrook Simon-Hartley,Sequencing batch reactor (SBR)/cyclic activated sludge,http://www.as-h.com
Ashbrook Simon-Hartley,Step-feed with selector,http://www.as-h.com
Ashbrook Simon-Hartley,Tertiary clarifier/tertiary filter,http://www.as-h.com
Association of Lighting and Mercury Recyclers,CRT Recycling Technology,http://www.almr.org/
Association of Lighting and Mercury Recyclers,E-Waste Recycling Technology,http://www.almr.org/
Association of Lighting and Mercury Recyclers,Lamp Crushing Systems,http://www.almr.org/
Association of Lighting and Mercury Recyclers,Mercury - Activated Carbon Injection,http://www.almr.org/
Babcock Wilcox,Acid Gases - Dry Sorbent Injection,http://www.babcock.com
Babcock Wilcox,Acid Gases - Dry Sorbent Injection with Electrostatic Precipitators,http://www.babcock.com
Babcock Wilcox,Acid Gases - Dry Sorbent Injection with Fabric Filters,http://www.babcock.com
Babcock Wilcox,Acid Gases - Flue-gas Desulfurization,http://www.babcock.com
Babcock Wilcox,"Dioxins & Furans - Work Practice Standard (inspection, adjustment, and/or maintenance and repairs to ensure optimal combustion)",http://www.babcock.com
Babcock Wilcox,Mercury - Activated Carbon Injection,http://www.babcock.com
Babcock Wilcox,Mercury - Activated Carbon Injection with Fabric Filter,http://www.babcock.com
Babcock Wilcox,Mercury - Flue-gas Desulfurization,http://www.babcock.com
Babcock Wilcox,Mercury - Selective Catalytic Reduction,http://www.babcock.com
Babcock Wilcox,"Non-Mercury Metals - Fabric Filter, Electrostatic Precipitators",http://www.babcock.com
Babcock Wilcox,Sulphur Dioxide - Dry Sorbent Injection,http://www.babcock.com
Babcock Wilcox,Sulphur Dioxide - Flue-gas Desulphurization,http://www.babcock.com
BASF,Mercury - Activated Carbon Injection,http://www.catalysts.basf.com/p02/USWeb-Internet/catalysts/en/content/microsites/catalysts/prods-inds/stationary-emissions/mercury-sorbents
BASF,Mercury - Activated Carbon Injection with Fabric Filter,http://www.catalysts.basf.com/p02/USWeb-Internet/catalysts/en/content/microsites/catalysts/prods-inds/stationary-emissions/mercury-sorbents
"BioCleaner, Inc.",Anaerobic/anoxic/oxic (A2O),http://biocleaner.com/
"BioCleaner, Inc.",Biological aerated filtration,http://biocleaner.com/
"BioCleaner, Inc.",Denitrification Filters for Nitrogen,http://biocleaner.com/
"BioCleaner, Inc.",Enhanced biological phosphorus removal (EBPR) with volatile fatty acids (VFA) addition and filters,http://biocleaner.com/
"BioCleaner, Inc.",Related Technologies for Clean Water Act: Municipal Nutrient Removal,http://biocleaner.com/
"Bioremediation Services, Inc.",Bioremediation,http://www.bioremediationservices.com
Brentwood Industries,Anaerobic/anoxic/oxic (A2O),http://www.brentwoodindustries.com
Brentwood Industries,Anoxic zone (following aeration),http://www.brentwoodindustries.com
Brentwood Industries,Anoxic/oxic (A/O),http://www.brentwoodindustries.com
Brentwood Industries,Biological aerated filtration,http://www.brentwoodindustries.com
Brentwood Industries,Biological Treatment Processes,http://www.brentwoodindustries.com
Brentwood Industries,Denitrification Filters for Nitrogen,http://www.brentwoodindustries.com
Brentwood Industries,Denitrification Filters for Nitrogen and Phosphorus,http://www.brentwoodindustries.com
Brentwood Industries,Integrated fixed-film activated sludge (IFAS),http://www.brentwoodindustries.com
Brentwood Industries,MLE/3-stage Westbank,http://www.brentwoodindustries.com
Brentwood Industries,Physical and Chemical Treatment Processes,http://www.brentwoodindustries.com
Brentwood Industries,Step-feed activated sludge (AS),http://www.brentwoodindustries.com
Brentwood Industries,Tertiary clarifier/tertiary filter,http://www.brentwoodindustries.com
Brentwood Industries,Thickening Technology or Processes,http://www.brentwoodindustries.com
Calgon Carbon Corporation,Adsorption Processes,http://www.calgoncarbon.com/markets_and_applications/drinkingwater 
Calgon Carbon Corporation,Chemical Treatment,http://www.calgoncarbon.com
Calgon Carbon Corporation,Ion Exchange Processes,http://www.calgoncarbon.com/products/ion_exchange_technologies 
Calgon Carbon Corporation,Mercury - Activated Carbon Injection,http://www.calgoncarbon.com/markets_and_applications/mercury_removal 
Calgon Carbon Corporation,Mercury - Activated Carbon Injection with Fabric Filter,http://www.calgoncarbon.com/markets_and_applications/mercury_removal 
Calgon Carbon Corporation,Mercury - Electrostatic Precipitators,http://www.calgoncarbon.com/markets_and_applications/mercury_removal 
Calgon Carbon Corporation,Mercury - Flue-gas Desulfurization,http://www.calgoncarbon.com/markets_and_applications/mercury_removal 
Calgon Carbon Corporation,Physical and Chemical Treatment Processes,http://www.calgoncarbon.com/markets_and_applications/wastewater 
Calgon Carbon Corporation,Pump and Treat,http://www.calgoncarbon.com
Calgon Carbon Corporation,Related Technologies for CSAPR: NOx Emissions Control from Power Plants,http://www.calgoncarbon.com/markets_and_applications/mercury_removal 
Calgon Carbon Corporation,Related Technologies for Mercury and Air Toxics Standards: Mercury Emissions Control from Power Plants,http://www.calgoncarbon.com/markets_and_applications/mercury_removal 
Calgon Carbon Corporation,Related Technologies for NSPS: Oil and Gas Processing Emissions Control,http://www.calgoncarbon.com/markets_and_applications/mercury_removal 
Calgon Carbon Corporation,Stabilization Technology or Processes,http://www.calgoncarbon.com/products/activated_carbon_adsorption 
Cardno ERI,Air Sparging,http://www.cardnoeri.com
Cardno ERI,Bioremediation,http://www.cardnoeri.com
Cardno ERI,Chemical Treatment,http://www.cardnoeri.com
Cardno ERI,Flushing,http://www.cardnoeri.com
Cardno ERI,In-Well Air Stripping,http://www.cardnoeri.com
Cardno ERI,Multi-Phase Extraction,http://www.cardnoeri.com
Cardno ERI,Pump and Treat,http://www.cardnoeri.com
CDM Smith,Bioreactors,http://cdmsmith.com/
CDM Smith,Controlled Injection Systems,http://cdmsmith.com/
CDM Smith,Landfill Control Systems,http://cdmsmith.com/
CDM Smith,Landfill Covers,http://cdmsmith.com/
CDM Smith,Landfill Gas Air Monitoring,http://cdmsmith.com/
CDM Smith,Landfill Gas Collection,http://cdmsmith.com/
CDM Smith,Landfill Groundwater Monitoring,http://cdmsmith.com/
CDM Smith,Leachate Collection Systems,http://cdmsmith.com/
CDM Smith,Liners,http://cdmsmith.com/
"Cheng Power Systems, Inc.",Related Technologies for CSAPR: NOx Emissions Control from Power Plants,http://www.chengpower.com/
Cormetech,Mercury - Selective Catalytic Reduction,http://www.cormetech.com
Cormetech,NOx - Selective Catalytic Reduction,http://www.cormetech.com
Dais Analytic Corporation,Denitrification Filters for Nitrogen,http://www.daisanalytic.com
Dais Analytic Corporation,Denitrification Filters for Nitrogen and Phosphorus,http://www.daisanalytic.com
Dais Analytic Corporation,Filtration,http://www.daisanalytic.com
Dais Analytic Corporation,Flushing,http://www.daisanalytic.com
Dais Analytic Corporation,Membrane Filter,http://www.daisanalytic.com
Dais Analytic Corporation,Multi-Phase Extraction,http://www.daisanalytic.com
Dais Analytic Corporation,Pump and Treat,http://www.daisanalytic.com
Dais Analytic Corporation,Related Technologies for Mercury and Air Toxics Standards: Mercury Emissions Control from Power Plants,http://www.daisanalytic.com
Dais Analytic Corporation,Tertiary clarifier/tertiary filter,http://www.daisanalytic.com
"DCL America, Inc.",Diesel Oxidation Catalysts,http://www.dcl-inc.com
"DCL America, Inc.",Diesel Particulate Filters,http://www.dcl-inc.com
"DCL America, Inc.",NOx - Natural Gas Engine,http://www.dcl-inc.com
"Durag, Inc.",Related Technologies for CSAPR: NOx Emissions Control from Power Plants,http://www.durag.com/measuring_systems.asp
"Durag, Inc.",Related Technologies for Mercury and Air Toxics Standards: Mercury Emissions Control from Power Plants,http://www.durag.com/measuring_systems.asp
"Durag, Inc.",Related Technologies for NSPS: Oil and Gas Processing Emissions Control,http://www.durag.com/measuring_systems.asp
"Dürr Systems, Inc.",Drying Technology or Processes,http://www.durr-cleantechnology.com/clean-technology-systems-products/exhaust-air-treatment/thermal-oxidation/ecopure-var/ 
"Dürr Systems, Inc.",Landfill Control Systems,http://www.durr-cleantechnology.com/clean-technology-systems-products/exhaust-air-treatment/thermal-oxidation/ecopure-var/ 
"Dürr Systems, Inc.",Related Technologies for NSPS: Municipal Landfill Standards,http://www.durr-cleantechnology.com/clean-technology-systems-products/exhaust-air-treatment/thermal-oxidation/ecopure-var/ 
"Dürr Systems, Inc.",Related Technologies for NSPS: Oil and Gas Processing Emissions Control,http://www.durr-cleantechnology.com/clean-technology-systems-products/exhaust-air-treatment/thermal-oxidation/ecopure-var/ 
"Eco-Tec, Inc.",Flushing,http://www.eco-tec-inc.com
"Eco-Tec, Inc.",Multi-Phase Extraction,http://www.eco-tec-inc.com
"Eco-Tec, Inc.",Permeable Reactive Barrier,http://www.eco-tec-inc.com
"Eco-Tec, Inc.",Pump and Treat,http://www.eco-tec-inc.com
Entex Technologies Inc.,Biological Treatment Processes,http://entexinc.com/challenges/bnr
Entex Technologies Inc.,Filtration,http://entexinc.com/solutions/flowtex
Entex Technologies Inc.,Integrated fixed-film activated sludge (IFAS),http://entexinc.com/solutions/ifas
Entex Technologies Inc.,Moving bed biofilm reactor (MBBR),http://entexinc.com/solutions/bioportz
Entex Technologies Inc.,Process Monitoring Technologies,http://entexinc.com
Entex Technologies Inc.,Tertiary clarifier/tertiary filter,http://entexinc.com/solutions/flowtex
Environ International Corporation,Related Technologies for Clean Water Act: Groundwater Remediation,http://www.environcorp.com/environment/water-resources.aspx
Environ International Corporation,Related Technologies for Clean Water Act: Municipal Nutrient Removal,http://www.environcorp.com/environment/water-resources.aspx
Environ International Corporation,Related Technologies for CSAPR: NOx Emissions Control from Power Plants,http://www.environcorp.com/health/air-quality-management.aspx
Environ International Corporation,Related Technologies for Marine Diesel Engine Emissions Control: Large Marine Diesel Engines,"http://www.environcorp.com/facilities/air-quality-management.aspx
"
Environ International Corporation,Related Technologies for Mercury and Air Toxics Standards: Mercury Emissions Control from Power Plants,http://www.environcorp.com/environment.aspx 
Environ International Corporation,Related Technologies for Non-road Exhaust Emission Standards: Non-road Diesel Emissions Control,http://www.environcorp.com/health/air-quality-management.aspx
Environ International Corporation,Related Technologies for NPDES: Secondary or Advanced Wastewater Treatment Standards,http://www.environcorp.com/environment/water-resources.aspx
Environ International Corporation,Related Technologies for NSPS: Municipal Landfill Standards,http://www.environcorp.com/environment/sustainability.aspx
Environ International Corporation,Related Technologies for NSPS: Oil and Gas Processing Emissions Control,http://www.environcorp.com/health/air-quality-management.aspx
Environ International Corporation,Related Technologies for Safe Water Drinking Act - Arsenic Rule: Arsenic Remediation,http://www.environcorp.com/environment/water-resources.aspx
Environ International Corporation,Related Technologies for Standards for Universal Waste Management: Universal Waste,http://www.environcorp.com/environment/sustainability.aspx
Environ International Corporation,Related Technologies for Standards for Use or Disposal of Sewage Sludge: Biosolid/Sludge Management,http://www.environcorp.com/environment/sustainability.aspx
Environex,Diesel Oxidation Catalysts,http://www.environex.com
Environmental Catalyst Technology,Diesel Oxidation Catalysts,http://www.ect-catalyst.com
Environmental Catalyst Technology,Diesel Particulate Filters,http://www.ect-catalyst.com
"Environmental Operating Solutions, Inc.",Bioremediation,http://www.eosenvironmental.com
"Environmental Operating Solutions, Inc.",Related Technologies for Clean Water Act: Municipal Nutrient Removal,http://www.eosenvironmental.com
"Environmental Solutions Worldwide, Inc.",Diesel Particulate Filters,http://eswgroup.com/
"Environmental Solutions Worldwide, Inc.",Related Technologies for Non-road Exhaust Emission Standards: Non-road Diesel Emissions Control,http://eswgroup.com/
"Epcon Industrial Systems, LP",Acid Gases - Flue-gas Desulfurization,http://www.epconlp.com/air-pollution-control-systems/voc-abatement.php
"Epcon Industrial Systems, LP",Landfill Gas Collection,http://www.epconlp.com/air-pollution-control-systems/voc-abatement.php
"Epcon Industrial Systems, LP",NOx - Exhaust Gas Recirculation,http://www.epconlp.com/air-pollution-control-systems/nox-abatement.php
"Epcon Industrial Systems, LP",NOx - Natural Gas Engine,http://www.epconlp.com/air-pollution-control-systems/nox-abatement.php
"Epcon Industrial Systems, LP",Related Technologies for NSPS: Oil and Gas Processing Emissions Control,http://www.epconlp.com/air-pollution-control-systems/voc-abatement.php
ESW Group,Diesel Oxidation Catalysts,http://www.eswgroup.com
ESW Group,Diesel Particulate Filters,http://www.eswgroup.com
"ETEC, LLC Environmental Technologies",Air Sparging,http://www.etecllc.com/
"ETEC, LLC Environmental Technologies",Bioremediation,http://www.etecllc.com/
"ETEC, LLC Environmental Technologies",Chemical Treatment,http://www.etecllc.com/
"ETEC, LLC Environmental Technologies",Flushing,http://www.etecllc.com/
"ETEC, LLC Environmental Technologies",In-Well Air Stripping,http://www.etecllc.com/
"ETEC, LLC Environmental Technologies",Multi-Phase Extraction,http://www.etecllc.com/
"ETEC, LLC Environmental Technologies",Permeable Reactive Barrier,http://www.etecllc.com/
"ETEC, LLC Environmental Technologies",Pump and Treat,http://www.etecllc.com/
"ETEC, LLC Environmental Technologies",Related Technologies for Clean Water Act: Groundwater Remediation,http://www.etecllc.com
FIRMGREEN INC.,Landfill Gas Collection,http://www.firmgreen.com/
FIRMGREEN INC.,Related Technologies for NSPS: Municipal Landfill Standards,http://www.firmgreen.com/
"Flexible Liner Underground Technologies, LLC",Related Technologies for CERCLA: Groundwater Remediation,http://www.flut.com
Flowserve Corporation,Chemical Treatment,http://www.flowserve.com/
Flowserve Corporation,Flushing,http://www.flowserve.com/
Flowserve Corporation,Pump and Treat,http://www.flowserve.com/
Geosyntec,Bioreactors,http://www.geosyntec.com/
Geosyntec,Controlled Injection Systems,http://www.geosyntec.com/
Geosyntec,Landfill Control Systems,http://www.geosyntec.com/
Geosyntec,Landfill Covers,http://www.geosyntec.com/
Geosyntec,Landfill Gas Air Monitoring,http://www.geosyntec.com/
Geosyntec,Landfill Gas Collection,http://www.geosyntec.com/
Geosyntec,Landfill Groundwater Monitoring,http://www.geosyntec.com/
Geosyntec,Leachate Collection Systems,http://www.geosyntec.com/
Geosyntec,Liners,http://www.geosyntec.com/
"Geotech Environmental Equipment, Inc.",Air Sparging,http://www.geotechenv.com/
"Geotech Environmental Equipment, Inc.",Bioremediation,http://www.geotechenv.com/
"Geotech Environmental Equipment, Inc.",Chemical Treatment,http://www.geotechenv.com/
"Geotech Environmental Equipment, Inc.",Flushing,http://www.geotechenv.com/
"Geotech Environmental Equipment, Inc.",In-Well Air Stripping,http://www.geotechenv.com/
"Geotech Environmental Equipment, Inc.",Multi-Phase Extraction,http://www.geotechenv.com/
"Geotech Environmental Equipment, Inc.",Permeable Reactive Barrier,http://www.geotechenv.com/
"Geotech Environmental Equipment, Inc.",Physical and Chemical Treatment Processes,http://www.geotechenv.com/
"Geotech Environmental Equipment, Inc.",Phytoremediation,http://www.geotechenv.com/  
"Geotech Environmental Equipment, Inc.",Process Monitoring Technologies,http://www.geotechenv.com/
"Geotech Environmental Equipment, Inc.",Pump and Treat,http://www.geotechenv.com/
"Geotech Environmental Equipment, Inc.",Related Technologies for Clean Water Act: Groundwater Remediation,http://www.geotechenv.com
Global Splash Inc.,Ion Exchange Processes,www.globalsplashinc.com
Global Splash Inc.,Physical and Chemical Treatment Processes,http://www.globalsplashinc.com/
Groundwater Essentials,Air Sparging,http://www.groundwateressentials.com
Groundwater Essentials,Bioremediation,http://www.groundwateressentials.com
Groundwater Essentials,Chemical Treatment,http://www.groundwateressentials.com
Groundwater Essentials,Flushing,http://www.groundwateressentials.com
Groundwater Essentials,In-Well Air Stripping,http://www.groundwateressentials.com
Groundwater Essentials,Multi-Phase Extraction,http://www.groundwateressentials.com
Groundwater Essentials,Permeable Reactive Barrier,http://www.groundwateressentials.com
Groundwater Essentials,Phytoremediation,http://www.groundwateressentials.com
Groundwater Essentials,Pump and Treat,http://www.groundwateressentials.com
GSM Filtration Inc.,Dewatering Technology or Processes,http://gsmfiltration.com/
GSM Filtration Inc.,Filtration,http://gsmfiltration.com/
GSM Filtration Inc.,Sulphur Dioxide - Flue-gas Desulphurization,http://gsmfiltration.com/
GSM Filtration Inc.,Thickening Technology or Processes,http://gsmfiltration.com/
Hach Company,Process Monitoring Technologies,"http://www.hach.com/wastewater
"
Hach Company,Related Technologies for CERCLA: Groundwater Remediation,http://www.hach.com/
Hach Company,Related Technologies for Clean Water Act: Groundwater Remediation,http://www.hach.com/
Hach Company,Related Technologies for Clean Water Act: Municipal Nutrient Removal,"http://www.hach.com/wastewater
"
Hach Company,Related Technologies for NPDES: Secondary or Advanced Wastewater Treatment Standards,"http://www.hach.com/wastewater
"
Hach Company,Related Technologies for Safe Water Drinking Act - Arsenic Rule: Arsenic Remediation,"http://www.hach.com/
"
Hach Company,Related Technologies for Standards for Use or Disposal of Sewage Sludge: Biosolid/Sludge Management,"http://www.hach.com/wastewater
"
Hazen and Sawyer,Adsorption Processes,http://www.hazenandsawyer.com
Hazen and Sawyer,Anaerobic/anoxic/oxic (A2O),http://www.hazenandsawyer.com
Hazen and Sawyer,Anoxic zone (following aeration),http://www.hazenandsawyer.com
Hazen and Sawyer,Anoxic/oxic (A/O),http://www.hazenandsawyer.com
Hazen and Sawyer,Biological aerated filtration,http://www.hazenandsawyer.com
Hazen and Sawyer,Biological Treatment Processes,http://www.hazenandsawyer.com
Hazen and Sawyer,Chemical Precipitation for Nitrogen and Phosphorus,http://www.hazenandsawyer.com
Hazen and Sawyer,Chemical Precipitation for Phosphorus,http://www.hazenandsawyer.com
Hazen and Sawyer,Conditioning Technology or Processes,http://www.hazenandsawyer.com
Hazen and Sawyer,Denitrification Filters for Nitrogen,http://www.hazenandsawyer.com
Hazen and Sawyer,Denitrification Filters for Nitrogen and Phosphorus,http://www.hazenandsawyer.com
Hazen and Sawyer,Dewatering Technology or Processes,http://www.hazenandsawyer.com
Hazen and Sawyer,Drying Technology or Processes,http://www.hazenandsawyer.com
Hazen and Sawyer,Enhanced biological phosphorus removal (EBPR) with volatile fatty acids (VFA) addition and filters,http://www.hazenandsawyer.com
Hazen and Sawyer,Filtration,http://www.hazenandsawyer.com
Hazen and Sawyer,In-plant Wet Weather Management Processes,http://www.hazenandsawyer.com
Hazen and Sawyer,Integrated fixed-film activated sludge (IFAS),http://www.hazenandsawyer.com
Hazen and Sawyer,Ion Exchange Processes,http://www.hazenandsawyer.com
Hazen and Sawyer,Membrane bioreactor (MBR),http://www.hazenandsawyer.com
Hazen and Sawyer,Membrane Filter,http://www.hazenandsawyer.com
Hazen and Sawyer,Membrane Processes,http://www.hazenandsawyer.com
Hazen and Sawyer,MLE/3-stage Westbank,http://www.hazenandsawyer.com
Hazen and Sawyer,Moving bed biofilm reactor (MBBR),http://www.hazenandsawyer.com
Hazen and Sawyer,Physical and Chemical Treatment Processes,http://www.hazenandsawyer.com
Hazen and Sawyer,Point-of-Use (POU) Devices,http://www.hazenandsawyer.com
Hazen and Sawyer,Precipitative Processes,http://www.hazenandsawyer.com
Hazen and Sawyer,Process Monitoring Technologies,http://www.hazenandsawyer.com
Hazen and Sawyer,Re-use or Disposal Processes,http://www.hazenandsawyer.com
Hazen and Sawyer,Related Technologies for Clean Water Act: Municipal Nutrient Removal,http://www.hazenandsawyer.com
Hazen and Sawyer,Related Technologies for NPDES: Secondary or Advanced Wastewater Treatment Standards,http://www.hazenandsawyer.com
Hazen and Sawyer,Related Technologies for Safe Water Drinking Act - Arsenic Rule: Arsenic Remediation,http://www.hazenandsawyer.com
Hazen and Sawyer,Related Technologies for Standards for Use or Disposal of Sewage Sludge: Biosolid/Sludge Management,http://www.hazenandsawyer.com
Hazen and Sawyer,Residual Management Processes,http://www.hazenandsawyer.com
Hazen and Sawyer,Sequencing batch reactor (SBR)/cyclic activated sludge,http://www.hazenandsawyer.com
Hazen and Sawyer,Stabilization Technology or Processes,http://www.hazenandsawyer.com
Hazen and Sawyer,Step-feed activated sludge (AS),http://www.hazenandsawyer.com
Hazen and Sawyer,Step-feed with selector,http://www.hazenandsawyer.com
Hazen and Sawyer,Tertiary clarifier/tertiary filter,http://www.hazenandsawyer.com
Hazen and Sawyer,Thermal Conversion Technology or Processes,http://www.hazenandsawyer.com
Hazen and Sawyer,Thickening Technology or Processes,http://www.hazenandsawyer.com
HNO Green Fuels,NOx - Exhaust Gas Recirculation,http://www.hnogreenfuels.com
HNO Green Fuels,NOx - Selective Catalytic Reduction,http://www.hnogreenfuels.com
Hypercat Advanced Catalyst,Diesel Oxidation Catalysts,http://www.hypercat-acp.com
Hypercat Advanced Catalyst Products,NOx - Exhaust Gas Recirculation,http://www.hypercat-acp.com
Hypercat Advanced Catalyst Products,NOx - Natural Gas Engine,http://www.hypercat-acp.com
Hypercat Advanced Catalyst Products,NOx - Selective Catalytic Reduction,http://www.hypercat-acp.com
In-Situ Inc.,Air Sparging,http://www.in-situ.com/applications/remediation
In-Situ Inc.,Bioremediation,http://www.in-situ.com/applications/remediation
In-Situ Inc.,Chemical Treatment,http://www.in-situ.com/applications/remediation
In-Situ Inc.,Flushing,http://www.in-situ.com/applications/remediation
In-Situ Inc.,In-Well Air Stripping,http://www.in-situ.com/applications/remediation
In-Situ Inc.,Landfill Groundwater Monitoring,http://www.in-situ.com/applications/remediation
In-Situ Inc.,Multi-Phase Extraction,http://www.in-situ.com/applications/remediation
In-Situ Inc.,Pump and Treat,http://www.in-situ.com/applications/remediation
International Muffler Company,Diesel Oxidation Catalysts,http://www.imcoweb.com
International Muffler Company,Diesel Particulate Filters,http://www.imcoweb.com
"Jet, Inc.",Anaerobic/anoxic/oxic (A2O),http://www.jetincorp.com
"Jet, Inc.",Anoxic zone (following aeration),http://www.jetincorp.com
"Jet, Inc.",Anoxic/oxic (A/O),http://www.jetincorp.com
"Jet, Inc.",Integrated fixed-film activated sludge (IFAS),http://www.jetincorp.com
"Jet, Inc.",Moving bed biofilm reactor (MBBR),http://www.jetincorp.com
"Jet, Inc.",Step-feed activated sludge (AS),http://www.jetincorp.com
Johnson Matthey,Fuel Switching - Natural Gas,http://www.jmsec.com
Johnson Matthey,Mercury - Selective Catalytic Reduction,http://www.jmsec.com
Johnson Matthey,NOx - Natural Gas Engine,http://www.jmsec.com
Johnson Matthey,NOx - Selective Catalytic Reduction,http://www.jmsec.com
"KCI Technologies, Inc.",Anaerobic/anoxic/oxic (A2O),http://www.kci.com
"KCI Technologies, Inc.",Anoxic zone (following aeration),http://www.kci.com
"KCI Technologies, Inc.",Anoxic/oxic (A/O),http://www.kci.com
"KCI Technologies, Inc.",Biological aerated filtration,http://www.kci.com
"KCI Technologies, Inc.",Chemical Precipitation for Nitrogen and Phosphorus,http://www.kci.com
"KCI Technologies, Inc.",Chemical Precipitation for Phosphorus,http://www.kci.com
"KCI Technologies, Inc.",Denitrification Filters for Nitrogen,http://www.kci.com
"KCI Technologies, Inc.",Denitrification Filters for Nitrogen and Phosphorus,http://www.kci.com
"KCI Technologies, Inc.",Enhanced biological phosphorus removal (EBPR) with volatile fatty acids (VFA) addition and filters,http://www.kci.com
"KCI Technologies, Inc.",Filtration,http://www.kci.com
"KCI Technologies, Inc.",Integrated fixed-film activated sludge (IFAS),http://www.kci.com
"KCI Technologies, Inc.",Membrane bioreactor (MBR),http://www.kci.com
"KCI Technologies, Inc.",Membrane Filter,http://www.kci.com
"KCI Technologies, Inc.",MLE/3-stage Westbank,http://www.kci.com
"KCI Technologies, Inc.",Moving bed biofilm reactor (MBBR),http://www.kci.com
"KCI Technologies, Inc.",Sequencing batch reactor (SBR)/cyclic activated sludge,http://www.kci.com
"KCI Technologies, Inc.",Step-feed activated sludge (AS),http://www.kci.com
"KCI Technologies, Inc.",Step-feed with selector,http://www.kci.com
"KCI Technologies, Inc.",Tertiary clarifier/tertiary filter,http://www.kci.com
LoadMan On-Board Weight Scales and Systems,Landfill Control Systems,http://www.loadman.com
LoadMan On-Board Weight Scales and Systems,Related Technologies for NSPS: Municipal Landfill Standards,http://www.loadman.com
LoadMan On-Board Weight Scales and Systems,Related Technologies for Standards for Universal Waste Management: Universal Waste,http://www.loadman.com/
LRV,Biological aerated filtration,http://www.lrvinc.com
LRV,Bioremediation,http://www.lrvinc.com
LRV,Chemical Precipitation for Nitrogen and Phosphorus,http://www.lrvinc.com
LRV,Chemical Precipitation for Phosphorus,http://www.lrvinc.com
LRV,Flushing,http://www.lrvinc.com
LRV,Pump and Treat,http://www.lrvinc.com
LRV,Sequencing batch reactor (SBR)/cyclic activated sludge,http://www.lrvinc.com
MAR Systems,Chemical Treatment,http://www.marsystemsinc.com
MAR Systems,Mercury - Flue-gas Desulfurization,http://www.marsystemsinc.com
MAR Systems,Multi-Phase Extraction,http://www.marsystemsinc.com
MAR Systems,Permeable Reactive Barrier,http://www.marsystemsinc.com
MAR Systems,Pump and Treat,http://www.marsystemsinc.com
Marsulex Environmental Technologies,Acid Gases - Dry Sorbent Injection with Fabric Filters,http://www.met.net
Marsulex Environmental Technologies,Acid Gases - Flue-gas Desulfurization,http://www.met.net
Marsulex Environmental Technologies,Mercury - Flue-gas Desulfurization,http://www.met.net
Marsulex Environmental Technologies,Sulphur Dioxide - Dry Sorbent Injection,http://www.met.net
Marsulex Environmental Technologies,Sulphur Dioxide - Flue-gas Desulphurization,http://www.met.net
Matrix Oxygen Injection Systems,Air Sparging,http://matrixbiotech.com/oxygen
Matrix Oxygen Injection Systems,Bioremediation,http://matrixbiotech.com/oxygen
Matrix Oxygen Injection Systems,Flushing,http://matrixbiotech.com/oxygen
Matrix Oxygen Injection Systems,Multi-Phase Extraction,http://matrixbiotech.com/oxygen
Matrix Oxygen Injection Systems,Permeable Reactive Barrier,http://matrixbiotech.com/oxygen
Matrix Oxygen Injection Systems,Phytoremediation,http://matrixbiotech.com/oxygen
MECX,Air Sparging,http://www.mecx.net
MECX,Bioremediation,http://www.mecx.net
MECX,Chemical Treatment,http://www.mecx.net
MECX,Flushing,http://www.mecx.net
MECX,In-Well Air Stripping,http://www.mecx.net
MECX,Multi-Phase Extraction,http://www.mecx.net
MECX,Permeable Reactive Barrier,http://www.mecx.net
MSE Technology Applications,Air Sparging,http://www.mse-ta.com
MSE Technology Applications,Bioremediation,http://www.mse-ta.com
MSE Technology Applications,Chemical Treatment,http://www.mse-ta.com
MSE Technology Applications,Flushing,http://www.mse-ta.com
MSE Technology Applications,Permeable Reactive Barrier,http://www.mse-ta.com
MSE Technology Applications,Pump and Treat,http://www.mse-ta.com
Multi-Lynx,Air Sparging,http://www.multi-lynx.com
Multi-Lynx,Bioremediation,http://www.multi-lynx.com
Multi-Lynx,In-Well Air Stripping,http://www.multi-lynx.com
Multi-Lynx,Permeable Reactive Barrier,http://www.multi-lynx.com
"Nalco, an Ecolab Company",Mercury - Flue-gas Desulfurization,http://www.nalco.com/applications/mercontrol-8034.htm
"Nalco, an Ecolab Company",Mercury - Selective Catalytic Reduction,http://www.nalco.com/applications/mercontrol-7895.htm
"Nalco, an Ecolab Company",Related Technologies for Mercury and Air Toxics Standards: Mercury Emissions Control from Power Plants,http://www.nalco.com/applications/air-protection-technologies.htm
Norit Americas,Mercury - Activated Carbon Injection,http://www.norit.com/mercury
Norit Americas,Mercury - Activated Carbon Injection with Fabric Filter,http://www.norit.com/mercury
Novinda Corporation,Related Technologies for Mercury and Air Toxics Standards: Mercury Emissions Control from Power Plants,http://www.novinda.com
"Orenco Systems, Inc.",Anoxic zone (following aeration),http://www.orenco.com
"Orenco Systems, Inc.",Anoxic/oxic (A/O),http://www.orenco.com
"Orenco Systems, Inc.",Chemical Precipitation for Phosphorus,http://www.orenco.com
"Orenco Systems, Inc.",Denitrification Filters for Nitrogen,http://www.orenco.com
"Orenco Systems, Inc.",Filtration,http://www.orenco.com
"Orenco Systems, Inc.",Related Technologies for Clean Water Act: Municipal Nutrient Removal,http://www.orenco.com
"Orenco Systems, Inc.",Tertiary clarifier/tertiary filter,http://www.orenco.com
"Ovivo USA, LLC",Anaerobic/anoxic/oxic (A2O),www.ovivowater.com
"Ovivo USA, LLC",Anoxic zone (following aeration),www.ovivowater.com
"Ovivo USA, LLC",Anoxic/oxic (A/O),www.ovivowater.com
"Ovivo USA, LLC",Biological aerated filtration,www.ovivowater.com
"Ovivo USA, LLC",Biological Treatment Processes,www.ovivowater.com
"Ovivo USA, LLC",Denitrification Filters for Nitrogen,www.ovivowater.com
"Ovivo USA, LLC",Denitrification Filters for Nitrogen and Phosphorus,www.ovivowater.com
"Ovivo USA, LLC",Dewatering Technology or Processes,www.ovivowater.com
"Ovivo USA, LLC",Filtration,www.ovivowater.com
"Ovivo USA, LLC",Integrated fixed-film activated sludge (IFAS),www.ovivowater.com
"Ovivo USA, LLC",Membrane bioreactor (MBR),www.ovivowater.com
"Ovivo USA, LLC",MLE/3-stage Westbank,www.ovivowater.com
"Ovivo USA, LLC",Moving bed biofilm reactor (MBBR),www.ovivowater.com
"Ovivo USA, LLC",Process Monitoring Technologies,www.ovivowater.com
"Ovivo USA, LLC",Re-use or Disposal Processes,www.ovivowater.com
"Ovivo USA, LLC",Step-feed activated sludge (AS),www.ovivowater.com
"Ovivo USA, LLC",Tertiary clarifier/tertiary filter,www.ovivowater.com
"Ovivo USA, LLC",Thickening Technology or Processes,www.ovivowater.com
Planteco,Bioremediation,http://www.planteco.com
Planteco,Chemical Treatment,http://www.planteco.com
Planteco,Phytoremediation,http://www.planteco.com
Planteco,Related Technologies for Clean Water Act: Groundwater Remediation,http://www.planteco.com
Regenesis,Bioremediation,http://www.regenesis.com
Regenesis,Chemical Treatment,http://www.regenesis.com
Reliant Water Technologies,Related Technologies for Clean Water Act: Municipal Nutrient Removal,http://www.reliantwater.us.com
"ResinTech, Inc.",Adsorption Processes,http://resintech.com/
"ResinTech, Inc.",Ion Exchange Processes,http://resintech.com/
"ResinTech, Inc.",Membrane Processes,http://resintech.com/
"ResinTech, Inc.",Point-of-Use (POU) Devices,http://arieswater.com/
"ResinTech, Inc.",Related Technologies for Safe Water Drinking Act - Arsenic Rule: Arsenic Remediation,http://resintech.com/
"Rypos, Inc.",Diesel Particulate Filters,http://www.rypos.com
Schreiber Water,Anoxic zone (following aeration),http://www.schrieberwater.com
Schreiber Water,Filtration,http://www.schrieberwater.com
Schreiber Water,Sequencing batch reactor (SBR)/cyclic activated sludge,http://www.schrieberwater.com
Schreiber Water,Tertiary clarifier/tertiary filter,http://www.schrieberwater.com
Severn Trent Services,Adsorption Processes,http://www.severntrentservices.com/Brands/SORB_33__br_26.aspx
Severn Trent Services,Biological aerated filtration,http://www.severntrentservices.com/Brands/ColOX__br_11.aspx
Severn Trent Services,Biological Treatment Processes,http://www.severntrentservices.com/Wastewater_Treatment/Tertiary_and_Wastewater_Treatment_Systems_prodc_259.aspx
Severn Trent Services,Ion Exchange Processes,http://www.severntrentservices.com/Brands/Higgins_Loop__br_15.aspx
Severn Trent Services,Membrane Processes,http://www.severntrentservices.com/Brands/UAT__br_28.aspx
Severn Trent Services,Residual Management Processes,http://www.severntrentservices.com/Drinking_Water_Treatment/Residual_Analyzers_prodc_621.aspx
Severn Trent Services,Tertiary clarifier/tertiary filter,http://www.severntrentservices.com/Wastewater_Treatment_Tertiary_and_Wastewater_Treatment_Systems/TETRA__Denite__prod_379.aspx
"Siemens Energy, Inc.",Acid Gases - Dry Sorbent Injection,http://www.energy.siemens.com/hq/en/power-generation/environmental-system
"Siemens Energy, Inc.",Acid Gases - Dry Sorbent Injection with Electrostatic Precipitators,http://www.energy.siemens.com/hq/en/power-generation/environmental-system
"Siemens Energy, Inc.",Acid Gases - Dry Sorbent Injection with Fabric Filters,http://www.energy.siemens.com/hq/en/power-generation/environmental-system
"Siemens Energy, Inc.",Acid Gases - Flue-gas Desulfurization,http://www.energy.siemens.com/hq/en/power-generation/environmental-system
"Siemens Energy, Inc.","Dioxins & Furans - Work Practice Standard (inspection, adjustment, and/or maintenance and repairs to ensure optimal combustion)",http://www.energy.siemens.com/hq/en/power-generation/environmental-system
"Siemens Energy, Inc.",Mercury - Activated Carbon Injection,http://www.energy.siemens.com/hq/en/power-generation/environmental-system
"Siemens Energy, Inc.",Mercury - Activated Carbon Injection with Fabric Filter,http://www.energy.siemens.com/hq/en/power-generation/environmental-system
"Siemens Energy, Inc.",Mercury - Flue-gas Desulfurization,http://www.energy.siemens.com/hq/en/power-generation/environmental-system
"Siemens Energy, Inc.",Mercury - Selective Catalytic Reduction,http://www.energy.siemens.com/hq/en/power-generation/environmental-system
"Siemens Energy, Inc.","Non-Mercury Metals - Fabric Filter, Electrostatic Precipitators",http://www.energy.siemens.com/hq/en/power-generation/environmental-system
"Siemens Energy, Inc.",Sulphur Dioxide - Dry Sorbent Injection,http://www.energy.siemens.com/hq/en/power-generation/environmental-system
"Siemens Energy, Inc.",Sulphur Dioxide - Flue-gas Desulphurization,http://www.energy.siemens.com/hq/en/power-generation/environmental-system
Tekran Instruments Corp,Mercury - Activated Carbon Injection,http://www.tekran.com
Tekran Instruments Corp,Mercury - Activated Carbon Injection with Fabric Filter,http://www.tekran.com
Tekran Instruments Corp,Mercury - Flue-gas Desulfurization,http://www.tekran.com
Tekran Instruments Corp,Mercury - Selective Catalytic Reduction,http://www.tekran.com
"Tenneco, Inc.",Diesel Oxidation Catalysts,http://www.tenneco.com
"Tenneco, Inc.",Diesel Particulate Filters,http://www.tenneco.com
"TerraTherm, Inc.",Related Technologies for CERCLA: Groundwater Remediation,http://www.terratherm.com
Thermo Scientific,Acid Gases - Dry Sorbent Injection,http://www.thermoscientific.com/ecomm/servlet/productscatalog_11152__80423_-1_4?ca=aqi
Thermo Scientific,Acid Gases - Dry Sorbent Injection with Electrostatic Precipitators,http://www.thermoscientific.com/ecomm/servlet/productscatalog_11152__80423_-1_4?ca=aqi
Thermo Scientific,Acid Gases - Dry Sorbent Injection with Fabric Filters,http://www.thermoscientific.com/ecomm/servlet/productscatalog_11152__80423_-1_4?ca=aqi
Thermo Scientific,Acid Gases - Flue-gas Desulfurization,http://www.thermoscientific.com/ecomm/servlet/productscatalog_11152__80423_-1_4?ca=aqi
Thermo Scientific,"Dioxins & Furans - Work Practice Standard (inspection, adjustment, and/or maintenance and repairs to ensure optimal combustion)",http://www.thermoscientific.com/ecomm/servlet/productscatalog_11152__80423_-1_4?ca=aqi
Thermo Scientific,Mercury - Activated Carbon Injection,http://www.thermoscientific.com/ecomm/servlet/productscatalog_11152__80423_-1_4?ca=aqi
Thermo Scientific,Mercury - Activated Carbon Injection with Fabric Filter,http://www.thermoscientific.com/ecomm/servlet/productscatalog_11152__80423_-1_4?ca=aqi
Thermo Scientific,Mercury - Flue-gas Desulfurization,http://www.thermoscientific.com/ecomm/servlet/productscatalog_11152__80423_-1_4?ca=aqi
Thermo Scientific,Mercury - Selective Catalytic Reduction,http://www.thermoscientific.com/ecomm/servlet/productscatalog_11152__80423_-1_4?ca=aqi
Thermo Scientific,"Non-Mercury Metals - Fabric Filter, Electrostatic Precipitators",http://www.thermoscientific.com/ecomm/servlet/productscatalog_11152__80423_-1_4?ca=aqi
Thermo Scientific,Related Technologies for Mercury and Air Toxics Standards: Mercury Emissions Control from Power Plants,http://www.thermoscientific.com/ecomm/servlet/productscatalog_11152__80423_-1_4?ca=aqi
Thermo Scientific,Sulphur Dioxide - Dry Sorbent Injection,http://www.thermoscientific.com/ecomm/servlet/productscatalog_11152__80423_-1_4?ca=aqi
Thermo Scientific,Sulphur Dioxide - Flue-gas Desulphurization,http://www.thermoscientific.com/ecomm/servlet/productscatalog_11152__80423_-1_4?ca=aqi
Tonka Water,Filtration,http://www.tonkawater.com/
Tonka Water,Ion Exchange Processes,http://www.tonkawater.com/
Tonka Water,Membrane Filter,http://www.tonkawater.com/
Tonka Water,Membrane Processes,http://www.tonkawater.com/
Tonka Water,Precipitative Processes,http://www.tonkawater.com/
Tonka Water,Re-use or Disposal Processes,http://www.tonkawater.com/
Tonka Water,Related Technologies for Safe Water Drinking Act - Arsenic Rule: Arsenic Remediation,http://www.tonkawater.com/
Tonka Water,Tertiary clarifier/tertiary filter,http://www.tonkawater.com/
Trihydro Corporation,Air Sparging,http://www.trihydro.com/
Trihydro Corporation,Bioremediation,http://www.trihydro.com/
Trihydro Corporation,Chemical Treatment,http://www.trihydro.com/
Trihydro Corporation,Flushing,http://www.trihydro.com/
Trihydro Corporation,Landfill Control Systems,http://www.trihydro.com/
Trihydro Corporation,Landfill Covers,http://www.trihydro.com/
Trihydro Corporation,Landfill Gas Air Monitoring,http://www.trihydro.com/
Trihydro Corporation,Landfill Gas Collection,http://www.trihydro.com/
Trihydro Corporation,Landfill Groundwater Monitoring,http://www.trihydro.com/
Trihydro Corporation,Leachate Collection Systems,http://www.trihydro.com/
Trihydro Corporation,Liners,http://www.trihydro.com/
Trihydro Corporation,Multi-Phase Extraction,http://www.trihydro.com/
Trihydro Corporation,Permeable Reactive Barrier,http://www.trihydro.com/
Trihydro Corporation,Pump and Treat,http://www.trihydro.com/
Trihydro Corporation,Related Technologies for NSPS: Oil and Gas Processing Emissions Control,http://www.trihydro.com/
Unitherm,Mercury - Activated Carbon Injection,http://www.unithermcc.com
Unitherm,Mercury - Activated Carbon Injection with Fabric Filter,http://www.unithermcc.com
Unitherm,Mercury - Flue-gas Desulfurization,http://www.unithermcc.com
W. L. Gore & Associates,Mercury - Flue-gas Desulfurization,http://www.gore.com/
W. L. Gore & Associates,Related Technologies for Mercury and Air Toxics Standards: Mercury Emissions Control from Power Plants,http://www.gore.com/
Water Tectonics,Chemical Precipitation for Nitrogen and Phosphorus,http://www.watertectonics.com
Water Tectonics,Chemical Treatment,http://www.watertectonics.com
Water Tectonics,Denitrification Filters for Nitrogen and Phosphorus,http://www.watertectonics.com
Water Tectonics,Filtration,http://www.watertectonics.com
Water Tectonics,Membrane Filter,http://www.watertectonics.com
Water Tectonics,Pump and Treat,http://www.watertectonics.com
Water Tectonics,Tertiary clarifier/tertiary filter,http://www.watertectonics.com
"ZAPS Technologies, Inc.",Biological Treatment Processes,http://www.zapstechnologies.com/
"ZAPS Technologies, Inc.",In-plant Wet Weather Management Processes,http://www.zapstechnologies.com/
"ZAPS Technologies, Inc.",Physical and Chemical Treatment Processes,http://www.zapstechnologies.com/
"ZAPS Technologies, Inc.",Process Monitoring Technologies,http://www.zapstechnologies.com/
"ZAPS Technologies, Inc.",Related Technologies for NPDES: Secondary or Advanced Wastewater Treatment Standards,http://www.zapstechnologies.com/
